{"cameraMode":{"drawMode":0,"name":"Shaded","section":"Shading Mode"},"sceneLighting":false,"audioPlay":false,"sceneViewState":{"showFog":true,"showMaterialUpdate":false,"showSkybox":true,"showFlares":true,"showImageEffects":true,"showParticleSystems":true},"in2DMode":false,"pivot":{"x":156.01824951171876,"y":621.1173095703125,"z":-17.29931640625},"rotation":{"x":-0.08271478861570358,"y":0.003584503661841154,"z":-0.000297617370961234,"w":-0.9965667724609375},"size":1644.5322265625,"orthographic":false}